Sheena,Duncan,sduncan0@nhs.uk
Davy,Kernes,dkernes1@springer.com
Herculie,Drayton,hdrayton2@fema.gov
Becki,Norvill,bnorvill3@shutterfly.com
Philip,Bon,pbon4@de.vu
Justis,Turle,jturle5@dmoz.org
Moss,Haldon,mhaldon6@huffingtonpost.com
Omero,Rowaszkiewicz,orowaszkiewicz7@usatoday.com
Natty,Heathwood,nheathwood8@people.com.cn
Nilson,Simmonite,nsimmonite9@youku.com
Itch,Charrisson,icharrissona@blinklist.com
Cart,Skews,cskewsb@wordpress.org
Webster,Brownsett,wbrownsettc@seesaa.net
Hazel,Peaker,hpeakerd@tamu.edu
Luther,Fenny,lfennye@google.nl
Phaidra,Brogden,pbrogdenf@uiuc.edu
Aristotle,Carnegie,acarnegieg@people.com.cn
Lenci,Abson,labsonh@nyu.edu
Merline,Croughan,mcroughani@auda.org.au
Roch,Riping,rripingj@discovery.com
Devlin,Pomeroy,dpomeroyk@omniture.com
Barty,Stove,bstovel@indiegogo.com
Dorey,Sewley,dsewleym@apple.com
Fairleigh,Clail,fclailn@constantcontact.com
Manuel,Sabater,msabatero@facebook.com
Chet,Hellsdon,chellsdonp@instagram.com
Roman,Hewes,rhewesq@blogspot.com
Courtney,Zanioletti,czaniolettir@oaic.gov.au
Malynda,Antonucci,mantonuccis@slashdot.org
Reggy,Growcock,rgrowcockt@twitpic.com
Jennie,Strapp,jstrappu@intel.com
Howey,Keppel,hkeppelv@furl.net
Berkeley,Longford,blongfordw@reference.com
Caddric,Ben-Aharon,cbenaharonx@theglobeandmail.com
Buddie,Vial,bvialy@princeton.edu
Maurizio,Frankish,mfrankishz@ifeng.com
Sydney,July,sjuly10@cpanel.net
Amata,Wakerley,awakerley11@freewebs.com
Connie,Mably,cmably12@phoca.cz
Cirstoforo,Sawkin,csawkin13@domainmarket.com
Rorie,Bullan,rbullan14@disqus.com
Guthrey,Pettman,gpettman15@amazon.co.uk
Calla,Bulgen,cbulgen16@usgs.gov
Briant,McVane,bmcvane17@salon.com
Phaidra,Hedan,phedan18@shutterfly.com
Nev,Chatelet,nchatelet19@wsj.com
Nerte,Taudevin,ntaudevin1a@xinhuanet.com
Ody,Goman,ogoman1b@yandex.ru
Marcela,Esherwood,mesherwood1c@webeden.co.uk
Hal,Bowering,hbowering1d@ycombinator.com
Billi,Freake,bfreake1e@abc.net.au
Phip,Whimper,pwhimper1f@cocolog-nifty.com
Gaultiero,Marsie,gmarsie1g@1und1.de
Odo,Claremont,oclaremont1h@mysql.com
Sigismund,Scarrott,sscarrott1i@mtv.com
Alyssa,Loade,aloade1j@sitemeter.com
Derk,Dutson,ddutson1k@hc360.com
Nellie,Rawkesby,nrawkesby1l@latimes.com
Dougy,Smithyman,dsmithyman1m@liveinternet.ru
Jose,Grishmanov,jgrishmanov1n@seesaa.net
Jessamine,Pactat,jpactat1o@barnesandnoble.com
Jody,Ziemsen,jziemsen1p@hexun.com
Kath,Bontein,kbontein1q@who.int
Tandi,De Lasci,tdelasci1r@dyndns.org
Wilhelm,Upshall,wupshall1s@tripod.com
Haven,Vlasyuk,hvlasyuk1t@rediff.com
Verne,Speare,vspeare1u@rakuten.co.jp
Leonelle,Denziloe,ldenziloe1v@soundcloud.com
Dolph,McBratney,dmcbratney1w@miitbeian.gov.cn
Celene,O'Henery,cohenery1x@goo.gl
Julietta,Tidman,jtidman1y@salon.com
Rawley,Sam,rsam1z@wikispaces.com
Trey,Fyers,tfyers20@arizona.edu
Kevin,Giacobelli,kgiacobelli21@e-recht24.de
Zed,Adnams,zadnams22@godaddy.com
Ines,Kuhnel,ikuhnel23@mayoclinic.com
Emmalynne,Lemery,elemery24@newsvine.com
Alida,Labba,alabba25@msn.com
Tallulah,Cluet,tcluet26@ed.gov
Tanitansy,Haggidon,thaggidon27@google.com.hk
Caria,Gethins,cgethins28@geocities.com
Raffarty,Fettis,rfettis29@ustream.tv
Kitti,Remmers,kremmers2a@ca.gov
Karim,MacArd,kmacard2b@independent.co.uk
Barbabra,Rubinovitsch,brubinovitsch2c@wikimedia.org
Morrie,Comar,mcomar2d@nymag.com
Gwen,Parlot,gparlot2e@topsy.com
Avram,L'Episcopi,alepiscopi2f@imgur.com
Kelci,Brazelton,kbrazelton2g@facebook.com
Jeffie,Casseldine,jcasseldine2h@com.com
Elden,Sandeford,esandeford2i@ycombinator.com
Wylma,Mardle,wmardle2j@ihg.com
Regan,Odeson,rodeson2k@squidoo.com
Erick,Donkersley,edonkersley2l@uol.com.br
Marianne,Calf,mcalf2m@umich.edu
Thekla,Jenton,tjenton2n@sfgate.com
Jarrett,Spiers,jspiers2o@so-net.ne.jp
Darrelle,Fockes,dfockes2p@wikia.com
Son,Huggon,shuggon2q@oracle.com
Tanya,Bes,tbes2r@google.co.uk
Camey,Face,cface2s@paypal.com
Pierrette,Oret,poret2t@economist.com
Coop,Gunner,cgunner2u@hhs.gov
Derry,Tunstall,dtunstall2v@baidu.com
Odell,Alton,oalton2w@livejournal.com
Al,Davisson,adavisson2x@deviantart.com
Bordie,Pead,bpead2y@icq.com
Stavros,Sewell,ssewell2z@nytimes.com
Aurelie,McGawn,amcgawn30@wisc.edu
Harley,Noe,hnoe31@delicious.com
Padget,Venditti,pvenditti32@time.com
Pierette,Prevett,pprevett33@marketwatch.com
Mandi,Fludder,mfludder34@nymag.com
Terese,Testin,ttestin35@gizmodo.com
Faulkner,Chester,fchester36@weibo.com
Becki,Troctor,btroctor37@home.pl
Mathian,Lechmere,mlechmere38@amazon.co.uk
Nobe,Gonzalo,ngonzalo39@china.com.cn
Bride,Klageman,bklageman3a@imdb.com
Viviene,Vautre,vvautre3b@weibo.com
Mair,Fowler,mfowler3c@yandex.ru
Bethena,Marusyak,bmarusyak3d@linkedin.com
Adelaide,Didsbury,adidsbury3e@amazonaws.com
Kristine,Grishankov,kgrishankov3f@businesswire.com
Dale,Walthew,dwalthew3g@ucsd.edu
Clareta,Yven,cyven3h@reddit.com
Emmalynne,Winscum,ewinscum3i@pagesperso-orange.fr
Remington,Kirkham,rkirkham3j@ft.com
Odilia,Givens,ogivens3k@twitpic.com
Rafaelita,Saltrese,rsaltrese3l@nifty.com
Reg,Gurdon,rgurdon3m@wikimedia.org
Tommi,Clyburn,tclyburn3n@umich.edu
Zonnya,Lascell,zlascell3o@rediff.com
Agna,Skule,askule3p@canalblog.com
Richart,Shafto,rshafto3q@cbsnews.com
Sherill,Cappel,scappel3r@epa.gov
Malva,McQuin,mmcquin3s@businesswire.com
Daniella,Stiegars,dstiegars3t@amazon.co.jp
Ardelis,Pozzo,apozzo3u@examiner.com
Evangeline,Tenney,etenney3v@economist.com
Kaia,Dyhouse,kdyhouse3w@nifty.com
Gloria,Dewes,gdewes3x@livejournal.com
Andriana,Bridgewood,abridgewood3y@sourceforge.net
Alexei,Dewi,adewi3z@multiply.com
Margo,Gunthorp,mgunthorp40@hibu.com
Angy,Cram,acram41@over-blog.com
Maurits,Stroband,mstroband42@devhub.com
Mellie,Edon,medon43@businesswire.com
Edithe,Sigge,esigge44@oracle.com
Dierdre,McElree,dmcelree45@issuu.com
Brit,Dodge,bdodge46@51.la
Whitman,Rossant,wrossant47@qq.com
Sheeree,Stanbridge,sstanbridge48@ask.com
Hyacinthie,Baldin,hbaldin49@addtoany.com
Adaline,Foale,afoale4a@sun.com
Farand,Cramond,fcramond4b@multiply.com
Teresina,Albrighton,talbrighton4c@pen.io
Nanice,Shenfish,nshenfish4d@oaic.gov.au
Edee,Kirrage,ekirrage4e@arizona.edu
Sallie,Haverty,shaverty4f@nytimes.com
Titos,Cecchi,tcecchi4g@si.edu
Rogers,Lobe,rlobe4h@sohu.com
Dorey,Trimming,dtrimming4i@google.cn
Angela,Halton,ahalton4j@goodreads.com
Norbert,Gresswood,ngresswood4k@sciencedaily.com
Felice,Matuszyk,fmatuszyk4l@artisteer.com
Kinnie,Letteresse,kletteresse4m@forbes.com
Pia,Holworth,pholworth4n@mit.edu
Latisha,Fitzpayn,lfitzpayn4o@t.co
Hercules,Everington,heverington4p@1688.com
Katrine,Juste,kjuste4q@soup.io
Koenraad,Gyorgy,kgyorgy4r@squarespace.com
Tess,Brigge,tbrigge4s@cpanel.net
Binnie,Hallwood,bhallwood4t@a8.net
Orran,Baker,obaker4u@de.vu
Leonora,Crick,lcrick4v@cbslocal.com
Lotte,Fleury,lfleury4w@google.co.jp
Pippa,Klawi,pklawi4x@networksolutions.com
Mady,Bazylets,mbazylets4y@pcworld.com
Mickie,Hatley,mhatley4z@prnewswire.com
Mufi,Powelee,mpowelee50@shinystat.com
Gale,Delacour,gdelacour51@seesaa.net
Bernarr,Albrecht,balbrecht52@de.vu
Oneida,Duffrie,oduffrie53@tripadvisor.com
Daile,Nairy,dnairy54@vkontakte.ru
Del,Jouaneton,djouaneton55@blog.com
Colby,Sommers,csommers56@spotify.com
Lorain,McElwee,lmcelwee57@webmd.com
Freddi,Effemy,feffemy58@shop-pro.jp
Ulrike,Tiery,utiery59@list-manage.com
Grethel,McKnockiter,gmcknockiter5a@cornell.edu
Valle,MacNamee,vmacnamee5b@icio.us
Cecil,Alesio,calesio5c@princeton.edu
Gasper,Acarson,gacarson5d@unesco.org
Jarrod,Copner,jcopner5e@home.pl
Livvie,Propper,lpropper5f@whitehouse.gov
Krystle,Shorey,kshorey5g@sun.com
Aldo,Blenkharn,ablenkharn5h@hud.gov
Randy,Goldthorp,rgoldthorp5i@java.com
Gael,Turneux,gturneux5j@edublogs.org
Breanne,Catton,bcatton5k@guardian.co.uk
Annabal,Halse,ahalse5l@canalblog.com
Lani,Bendson,lbendson5m@liveinternet.ru
Krystalle,Reddan,kreddan5n@google.co.uk
Pippa,Littlewood,plittlewood5o@pbs.org
Arly,Crut,acrut5p@goo.ne.jp
Erl,Stiven,estiven5q@adobe.com
Clary,Somerset,csomerset5r@drupal.org
Gerry,Hilary,ghilary5s@discuz.net
Wain,Couth,wcouth5t@sina.com.cn
Gustavus,Swenson,gswenson5u@technorati.com
Kevina,Domino,kdomino5v@instagram.com
Alessandra,Spring,aspring5w@aol.com
Hollyanne,Harlick,hharlick5x@meetup.com
Cobbie,Gallacher,cgallacher5y@usgs.gov
Donielle,Woolf,dwoolf5z@fema.gov
Iseabal,Santore,isantore60@yolasite.com
Arabel,Igounet,aigounet61@printfriendly.com
Harv,Morot,hmorot62@google.cn
Harlan,Elwood,helwood63@ft.com
Haze,Whewill,hwhewill64@meetup.com
Boothe,Domone,bdomone65@cdbaby.com
Berti,Dymidowski,bdymidowski66@soundcloud.com
Stormi,Yurinov,syurinov67@epa.gov
Finn,Seward,fseward68@mysql.com
Quintilla,Caldairou,qcaldairou69@businessinsider.com
Seumas,Pankhurst.,spankhurst6a@ning.com
Cary,Elies,celies6b@timesonline.co.uk
Amberly,Summerton,asummerton6c@free.fr
Merrick,Petyanin,mpetyanin6d@tuttocitta.it
Karmen,McClenaghan,kmcclenaghan6e@businesswire.com
Dennis,Bougen,dbougen6f@zdnet.com
Loni,Genery,lgenery6g@yellowpages.com
Marty,Bayle,mbayle6h@simplemachines.org
Orsa,Seater,oseater6i@yolasite.com
Kaylil,Ratke,kratke6j@bloglovin.com
Karee,Kurtis,kkurtis6k@ftc.gov
Harris,Stichall,hstichall6l@zdnet.com
Johann,Chasteney,jchasteney6m@purevolume.com
Jesselyn,Rosenstock,jrosenstock6n@nih.gov
Trish,Ibbs,tibbs6o@pen.io
Colet,Baudrey,cbaudrey6p@feedburner.com
Ayn,Lanegran,alanegran6q@delicious.com
Barnie,Caulcott,bcaulcott6r@netscape.com
Roxanne,Clampin,rclampin6s@sina.com.cn
Dermot,Spruce,dspruce6t@businessinsider.com
Constantin,Guitel,cguitel6u@wp.com
Georgena,Scotford,gscotford6v@cafepress.com
Bekki,Loges,bloges6w@naver.com
Victor,Heddon,vheddon6x@so-net.ne.jp
Concordia,O'Carney,cocarney6y@macromedia.com
Callean,Dunnan,cdunnan6z@delicious.com
Gretta,Kittel,gkittel70@qq.com
Lincoln,Ditchburn,lditchburn71@ft.com
Leonanie,Clemmitt,lclemmitt72@hp.com
Gallard,Bigglestone,gbigglestone73@zdnet.com
Yasmeen,Stainer,ystainer74@bluehost.com
Leelah,Pitney,lpitney75@xrea.com
Gerty,Avieson,gavieson76@g.co
Port,Bigg,pbigg77@posterous.com
Jorge,Stampe,jstampe78@slashdot.org
Briana,Kem,bkem79@canalblog.com
Victoir,Hevner,vhevner7a@google.co.uk
Alexandros,Alsobrook,aalsobrook7b@t.co
Tristam,Morrall,tmorrall7c@flickr.com
Obediah,Beckerleg,obeckerleg7d@unblog.fr
Nertie,Leppard,nleppard7e@csmonitor.com
Carey,Gherardelli,cgherardelli7f@slate.com
Lizzy,Longson,llongson7g@php.net
Maible,Bendin,mbendin7h@unesco.org
Darn,Cathenod,dcathenod7i@wiley.com
Creight,Quarton,cquarton7j@diigo.com
Netta,Rackley,nrackley7k@51.la
Zachery,Abramow,zabramow7l@wsj.com
Brooke,Mottini,bmottini7m@ft.com
Kizzee,Scutts,kscutts7n@baidu.com
Tiphani,McGrirl,tmcgrirl7o@odnoklassniki.ru
Erinn,Emeline,eemeline7p@apache.org
Grace,Balf,gbalf7q@paypal.com
Carlotta,Franscioni,cfranscioni7r@godaddy.com
Oswell,Janicijevic,ojanicijevic7s@diigo.com
Sophronia,Bernet,sbernet7t@mozilla.com
York,Pencot,ypencot7u@google.com.br
Gena,Wrassell,gwrassell7v@friendfeed.com
Herschel,Bebbington,hbebbington7w@acquirethisname.com
Carlos,Fireman,cfireman7x@constantcontact.com
Esther,Norway,enorway7y@answers.com
Shae,Latty,slatty7z@google.com.br
Maxy,Skaif,mskaif80@opera.com
Charyl,Pegg,cpegg81@tripadvisor.com
Alwyn,Falkingham,afalkingham82@rakuten.co.jp
Fran,Hanselman,fhanselman83@marketwatch.com
Barty,Gillford,bgillford84@nymag.com
Galen,Gregoletti,ggregoletti85@facebook.com
Raynard,Attac,rattac86@free.fr
Jefferey,Keilty,jkeilty87@illinois.edu
Courtney,Antoszewski,cantoszewski88@theguardian.com
Jodie,Maven,jmaven89@europa.eu
Jess,Lafranconi,jlafranconi8a@vimeo.com
Yorgos,Wadeling,ywadeling8b@eventbrite.com
Vilhelmina,Muirhead,vmuirhead8c@weibo.com
Ellswerth,Yellowlees,eyellowlees8d@ebay.com
Cleavland,Gosson,cgosson8e@boston.com
Kory,Secrett,ksecrett8f@reverbnation.com
Idell,Blankman,iblankman8g@miibeian.gov.cn
Carree,Gorstidge,cgorstidge8h@elegantthemes.com
Spike,Guillart,sguillart8i@msn.com
Feodora,Haggus,fhaggus8j@amazon.co.jp
Sheridan,Baillie,sbaillie8k@joomla.org
Raphael,Conville,rconville8l@about.me
Farlie,Chupin,fchupin8m@qq.com
Emmi,Sowte,esowte8n@mayoclinic.com
Teddie,Alflat,talflat8o@amazonaws.com
Cortney,Methringham,cmethringham8p@furl.net
Georgina,Olekhov,golekhov8q@sakura.ne.jp
Howard,Wanklin,hwanklin8r@weebly.com
Willamina,Pentecust,wpentecust8s@marriott.com
Kate,Goundsy,kgoundsy8t@jigsy.com
Basile,Ottam,bottam8u@toplist.cz
Brewer,Spriggin,bspriggin8v@illinois.edu
Marcelline,Beadel,mbeadel8w@about.com
Wylma,Dumphrey,wdumphrey8x@symantec.com
Lesly,Hardacre,lhardacre8y@etsy.com
Allissa,Errey,aerrey8z@time.com
Almeria,Jakubowsky,ajakubowsky90@alexa.com
Gradey,Warbys,gwarbys91@weebly.com
Debby,Janczyk,djanczyk92@ted.com
Hamnet,O'Conor,hoconor93@biglobe.ne.jp
Ive,Papps,ipapps94@marketwatch.com
Avis,Pappi,apappi95@nhs.uk
Babb,Grigoriev,bgrigoriev96@ehow.com
Maryellen,Whitton,mwhitton97@hao123.com
Steve,Drabble,sdrabble98@ifeng.com
Dita,Blackboro,dblackboro99@ovh.net
Quincey,Money,qmoney9a@netscape.com
Hildegarde,Rathborne,hrathborne9b@indiatimes.com
Neale,Davenall,ndavenall9c@shutterfly.com
Petronella,Rountree,prountree9d@icq.com
Marten,Emig,memig9e@baidu.com
Shawn,Gillitt,sgillitt9f@apple.com
Beverly,Washbrook,bwashbrook9g@histats.com
Maud,Mandres,mmandres9h@t-online.de
Kelby,Sinott,ksinott9i@ycombinator.com
Bea,Madoc-Jones,bmadocjones9j@blogtalkradio.com
Neil,Crate,ncrate9k@bbc.co.uk
Rhianon,Easterbrook,reasterbrook9l@creativecommons.org
Faber,Olek,folek9m@purevolume.com
Rici,Burnip,rburnip9n@cnn.com
Kaylil,Croker,kcroker9o@ocn.ne.jp
Jerry,Avrahamy,javrahamy9p@hubpages.com
Northrop,Kirmond,nkirmond9q@abc.net.au
Huberto,Gypps,hgypps9r@linkedin.com
Inglis,Vercruysse,ivercruysse9s@forbes.com
Griswold,Nacci,gnacci9t@newsvine.com
Andree,Fraulo,afraulo9u@blinklist.com
Dar,Oldacres,doldacres9v@last.fm
Lynea,Seedull,lseedull9w@slashdot.org
Tabbi,Rooper,trooper9x@indiegogo.com
Lennie,Saterthwait,lsaterthwait9y@yahoo.co.jp
Kristoffer,Dullard,kdullard9z@microsoft.com
Moselle,Jeffryes,mjeffryesa0@dell.com
Aubine,Raubenheimer,araubenheimera1@go.com
Afton,Brimman,abrimmana2@squidoo.com
Ronni,Legion,rlegiona3@4shared.com
Morrie,Hrycek,mhryceka4@liveinternet.ru
Kata,Haestier,khaestiera5@microsoft.com
Allegra,Whall,awhalla6@edublogs.org
Deidre,Bediss,dbedissa7@comsenz.com
Gail,Vallis,gvallisa8@networkadvertising.org
Kelley,Bromfield,kbromfielda9@harvard.edu
Delmer,Koppelmann,dkoppelmannaa@fda.gov
Gloriane,Bednell,gbednellab@infoseek.co.jp
Cherianne,Lintot,clintotac@ebay.com
Vinita,Grigoire,vgrigoiread@amazon.com
Winthrop,Gouldeby,wgouldebyae@chronoengine.com
Bryn,Blanko,bblankoaf@dell.com
Drusilla,Klimontovich,dklimontovichag@blogger.com
Tabitha,Brasner,tbrasnerah@accuweather.com
Rich,Canto,rcantoai@mapquest.com
Cammy,Izaac,cizaacaj@nps.gov
Susanne,Anthonsen,santhonsenak@businesswire.com
Nicolas,Cooke,ncookeal@tinyurl.com
Chan,Newbold,cnewboldam@japanpost.jp
Tobit,Merwe,tmerwean@accuweather.com
Alexandr,Faudrie,afaudrieao@chicagotribune.com
Evvy,Hedgeman,ehedgemanap@ovh.net
Cheryl,Mearing,cmearingaq@google.com.br
Lynna,Burnett,lburnettar@goodreads.com
Darcy,Aldritt,daldrittas@odnoklassniki.ru
Temple,McCrae,tmccraeat@usgs.gov
Harp,Rubbert,hrubbertau@skyrock.com
Kacie,Garken,kgarkenav@mac.com
Mattie,Saveall,msaveallaw@naver.com
Lura,Timson,ltimsonax@canalblog.com
Clayborne,Egginton,ceggintonay@fda.gov
Nettle,Glasgow,nglasgowaz@goodreads.com
Rainer,Ropkes,rropkesb0@istockphoto.com
Emeline,Foulks,efoulksb1@cbc.ca
Giulio,Misson,gmissonb2@wikispaces.com
Elijah,Balnaves,ebalnavesb3@dion.ne.jp
Anestassia,Lowis,alowisb4@cbsnews.com
Malcolm,Johnigan,mjohniganb5@is.gd
Ryan,Braidford,rbraidfordb6@bloglovin.com
Chauncey,Bernardt,cbernardtb7@msn.com
Faustine,Drover,fdroverb8@cloudflare.com
Lori,Kinnon,lkinnonb9@wikimedia.org
Malissia,Eathorne,meathorneba@xing.com
Marybeth,Toffanini,mtoffaninibb@huffingtonpost.com
Merrilee,Francklin,mfrancklinbc@stanford.edu
Giacopo,Vine,gvinebd@bing.com
Lark,Arlott,larlottbe@auda.org.au
Rockey,Lowery,rlowerybf@comsenz.com
Minny,Newdick,mnewdickbg@wordpress.com
Twila,Nitti,tnittibh@google.cn
Korrie,Burker,kburkerbi@techcrunch.com
Loleta,Thornbarrow,lthornbarrowbj@omniture.com
Pierre,Persian,ppersianbk@google.de
Fiann,Artharg,farthargbl@ocn.ne.jp
Duke,Sussans,dsussansbm@yellowpages.com
Clayborn,Fleetham,cfleethambn@netscape.com
Lek,Cornford,lcornfordbo@newyorker.com
Carolann,Guilbert,cguilbertbp@nhs.uk
Desirae,Saffon,dsaffonbq@is.gd
Ronda,Scarratt,rscarrattbr@bluehost.com
Jareb,Spragge,jspraggebs@newyorker.com
Putnam,Hayer,phayerbt@indiegogo.com
Stepha,Shevill,sshevillbu@un.org
Isis,Winterborne,iwinterbornebv@webmd.com
Bryant,Wallace,bwallacebw@epa.gov
Mohammed,Alban,malbanbx@ow.ly
Ollie,Groundwater,ogroundwaterby@artisteer.com
Marylinda,Behnen,mbehnenbz@tinyurl.com
Arte,Phillot,aphillotc0@lycos.com
Boycey,Trewett,btrewettc1@wired.com
Curt,Haffenden,chaffendenc2@harvard.edu
Ruprecht,Nelmes,rnelmesc3@illinois.edu
Lolita,Pidgeon,lpidgeonc4@amazon.com
Fayth,Crosland,fcroslandc5@narod.ru
Micky,Spurryer,mspurryerc6@engadget.com
Shandie,Springham,sspringhamc7@geocities.jp
Vere,Vasyatkin,vvasyatkinc8@washingtonpost.com
Freddie,Parrett,fparrettc9@desdev.cn
Violetta,Hammel,vhammelca@bluehost.com
Jackie,Bradlaugh,jbradlaughcb@dyndns.org
Quincey,Balderston,qbalderstoncc@last.fm
Nappie,Holwell,nholwellcd@nps.gov
Rhodie,Dust,rdustce@nsw.gov.au
Wainwright,McKane,wmckanecf@vkontakte.ru
Lauren,Dimitrescu,ldimitrescucg@utexas.edu
Allie,Very,averych@hugedomains.com
Haskell,Richardin,hrichardinci@apple.com
Roby,Dineen,rdineencj@cmu.edu
Lorrie,De Freyne,ldefreyneck@youtube.com
Dionisio,Poytheras,dpoytherascl@nymag.com
Alick,Grundell,agrundellcm@wordpress.org
Mariquilla,Bevans,mbevanscn@dailymail.co.uk
Brigg,Millmoe,bmillmoeco@sciencedirect.com
Romy,Anthony,ranthonycp@hud.gov
Breena,Penhearow,bpenhearowcq@eepurl.com
Rolando,Millgate,rmillgatecr@123-reg.co.uk
Hayyim,Shakesby,hshakesbycs@answers.com
Mickie,Kempshall,mkempshallct@chicagotribune.com
Justis,Karchewski,jkarchewskicu@deliciousdays.com
Karlyn,Vankin,kvankincv@upenn.edu
Art,Claypole,aclaypolecw@miitbeian.gov.cn
Nevins,Rubberts,nrubbertscx@simplemachines.org
Saunderson,Eby,sebycy@artisteer.com
Brandea,Zanussii,bzanussiicz@imgur.com
Frasco,Colter,fcolterd0@bbc.co.uk
Eugen,Edds,eeddsd1@weebly.com
Lynde,Elcombe,lelcombed2@networkadvertising.org
Abe,Challenor,achallenord3@weibo.com
Marleen,Gorling,mgorlingd4@washington.edu
Orbadiah,Macura,omacurad5@hp.com
Dottie,Celand,dcelandd6@earthlink.net
Fons,Widdows,fwiddowsd7@discuz.net
Alair,Arlow,aarlowd8@ucoz.ru
Guinevere,Chansonne,gchansonned9@livejournal.com
Jojo,Landon,jlandonda@amazon.co.uk
Parrnell,Luchelli,pluchellidb@cargocollective.com
Kirsten,Fury,kfurydc@usda.gov
Robinet,Fuente,rfuentedd@vk.com
Aili,MacAirt,amacairtde@hp.com
Lisetta,La Batie,llabatiedf@de.vu
Jobey,Aldrich,jaldrichdg@1688.com
Wilie,Verrick,wverrickdh@oracle.com
Bail,Malpass,bmalpassdi@myspace.com
Bibbie,Kyston,bkystondj@jugem.jp
Viviyan,Gatesman,vgatesmandk@nature.com
Devinne,Raitt,draittdl@macromedia.com
Deeann,Symon,dsymondm@epa.gov
Cassi,Dance,cdancedn@biblegateway.com
Masha,Clinnick,mclinnickdo@unicef.org
Carry,Winfield,cwinfielddp@ox.ac.uk
Jon,Jepson,jjepsondq@google.nl
Ramsey,Barnes,rbarnesdr@macromedia.com
Alaster,Cavanaugh,acavanaughds@smugmug.com
Amelie,Casini,acasinidt@tumblr.com
Brynn,Mabone,bmabonedu@blogs.com
Fabian,Lorinez,florinezdv@cdc.gov